height_cm,weight_kg,body fat_%,gripForce,sit-ups counts,broad jump_cm,class
173,92.5,34.2,33.9,30,198,3
175.8,82.6,19.5,41.9,48,223,0
178,78.2,19.4,45.7,48,218,1
167,65.9,24.8,38.8,37,175,0
172.1,74.1,14.6,42,59,242,1
169.1,66.2,21.4,33.8,53,184,2
161.9,57.6,21.4,38.8,38,195,2
159.1,52.6,24.6,25.2,47,174,0
183.1,79.9,14.9,51.1,53,214,2
156.4,63,37.8,20,25,144,3
182.9,82.7,17,50.9,59,238,0
173,68.4,21,44.6,55,230,2
173.5,88.5,32.7,36.7,24,177,3
163,57.44,21.1,28.7,43,195,0
161.4,65.5,30.9,43.5,60,227,0
158,53.8,30.1,17.8,22,115,3
164.6,70.6,18.7,52.1,61,234,0
147.5,53.1,32.6,20,19,118,2
173.6,57.9,20.6,20.9,34,154,2
172.4,66.5,26.5,38.4,21,161,2
167.9,54.3,18,28.4,38,157,0
159.6,57.7,29.9,26.1,37,148,2
176.6,58.88,11.2,41.8,41,209,0
178.8,83.3,21.9,47.9,40,225,3
158.4,52.3,25.5,26.7,14,162,3
166.5,75.5,8.7,51.4,58,245,1
167.1,64.6,19.1,37.5,46,201,1
177.7,76,23.8,48.2,47,192,3
175.7,76.9,19.7,49.9,52,224,0
166.8,87.6,34.5,45,49,215,1
167,60.58,11.5,45.4,52,238,0
174.9,66.26,22.6,30.7,48,172,1
169.3,65.3,27.9,31.3,55,169,0
178.2,77.66,17,48.2,48,225,1
172.8,77.1,13.2,55.3,57,225,0
177.4,84.5,9.2,43.9,53,255,1
165.7,68,24.7,39.7,41,212,1
165.9,55.5,26.9,19.6,48,155,3
173.3,77.4,20.2,49.9,52,223,0
179,75.7,21.9,41.4,50,218,2
182.7,67.6,11.6,45.4,39,234,3
162.6,51.1,18.4,17.9,27,182,2
179.7,85.2,25.8,56.4,32,214,3
181.7,81.5,24.7,54.2,55,200,1
184.7,80.2,19.9,38.1,36,240,3
158.1,62.1,29.1,30.4,32,146,1
174,80.8,21.5,51.4,41,200,1
171.6,55.5,11.9,28.4,21,183,2
168.7,59.3,17.5,39.1,32,194,3
168.3,60.5,16.4,31,62,226,3
162.4,56.2,23.7,28,19,143,1
166.8,71,19.4,42.6,54,223,2
158.1,57.7,28.7,27.7,7,138,3
163.3,60.3,13.5,41.6,29,185,1
174.5,61.7,16.2,37.2,49,235,1
170.2,60.7,22,45.4,46,229,2
157.9,48.5,19,31.7,41,186,0
164.8,52.8,16.6,24.3,20,140,2
155.5,52.8,26.97343,25,30,148,1
174.7,98.3,32,52.3,55,160,3
172.2,77.4,24,42.2,41,205,2
171.1,67.4,18.9,40.7,46,250,1
165.1,52.8,27.5,24.4,23,174,2
173.2,78.8,22.1,43.5,55,215,1
154.3,41.4,23,25.8,21,123,0
159.8,48.8,18.2,31.2,45,192,0
171.4,66,13.6,48.8,51,230,0
167.7,78.5,25.9,43.1,33,194,0
173.3,69.3,21.9,44.3,45,208,0
169.5,74,24.8,46.1,46,222,2
164.2,55.9,31.8,17.5,27,130,2
165.5,79.4,31.4,44.6,28,189,1
178.4,84.8,34.2,38.2,61,190,0
179.4,80.68,20.6,35,33,178,1
152.4,53.6,34.3,25.4,14,125,2
189.3,93.2,16.5,62.1,51,255,0
173.6,71.4,16,41.7,53,218,2
160.4,60.7,35.2,24.7,4,123,3
160.3,55.48,28.3,33.6,37,179,1
157.9,53,36.1,19,0,140,3
181.7,81.7,26.2,46.8,26,204,2
190.2,76,12,42,60,242,1
175,81.2,25.2,53,46,236,1
170.9,74.36,19.6,51.4,39,209,2
180.9,91.2,23.4,53.8,55,259,1
175.4,74.4,16.1,58.4,48,245,1
174,78.4,23.2,45.3,48,220,2
156.1,50.2,25.7,23.9,40,163,2
172.6,76.3,23.4,52.3,44,204,0
165.8,64.3,19.4,34.3,53,220,2
172.3,62.8,16.2,42.1,41,205,3
168.8,70.66,27.6,39.9,40,177,1
158,57.3,33.9,19.7,10,133,3
170,58.4,18.4,25.4,41,157,0
172,57.5,26.6,30.7,29,177,3
175.9,77.64,19.2,37.5,38,200,3
167.9,72.2,28.6,31.6,5,134,3
172.7,81.3,26.3,47.2,36,177,3
172.3,76.6,19.7,40,46,209,2
158,49.6,19.4,23.3,48,176,0
173.9,72.4,22.4,46.3,42,184,2
179.9,81.3,24.6,45.6,35,196,1
153.6,58.2,37.7,22.4,18,120,2
160.4,58.7,30.6,34.2,42,158,0
178.1,71.6,10.1,49.1,55,251,0
170,68.9,18.5,44.7,30,183,1
169.3,63.1,22.8,44.1,53,191,2
165.8,44.1,21.1,22.5,19,182,3
182.5,93.8,26.9,40.8,40,245,3
165.3,63.1,14.1,47.8,62,186,2
170.5,72.1,27.9,28.4,28,156,2
172.6,73.2,22.8,42.1,35,202,2
171.9,78,21,43.2,44,224,2
178.5,77.5,21.6,37.1,46,157,1
158.5,74.7,43.7,26.3,13,132,3
160,56.2,26.6,26,47,178,0
157.3,57.12,21.8,28.9,30,168,2
169.4,65.9,15,39.3,43,195,0
167.8,64.7,20.3,39.9,19,195,3
158.4,71.1,39.8,28.3,8,136,3
172.9,71.4,28.6,40,50,248,2
158.8,64.1,34.6,29.7,7,118,3
161,52.6,26.6,31.7,45,178,1
167.9,71.8,13.1,51.7,47,225,1
175.1,75.5,18.4,46.1,32,228,3
152.9,51.3,28.8,16.9,44,156,1
182.6,89.4,26.9,47.7,37,193,3
165.5,62.2,36.8,24.6,26,130,2
172.9,72.4,21,48,51,215,3
169,94.9,27.4,54.4,58,230,1
160.1,58.4,37,18.4,22,151,3
175,72.4,17.8,42.8,45,214,3
162.4,61.52,33.3,35.8,47,165,0
169.5,75.6,28.1,47,28,209,3
171.3,50.8,12.9,42.4,14,170,3
172.5,67.4,12.7,45.8,54,255,1
174.2,64.8,12.9,55.7,45,222,2
179.4,73.8,16.7,38.8,50,197,3
174,75.8,15.9,51.3,53,245,0
173.5,71.9,26.9,36.8,45,194,3
172.8,54.8,25,20.9,39,172,2
173,80.2,27.1,52.3,50,229,1
162.2,55.8,28.2,28.9,48,169,0
173,85.6,35.8,41.4,34,172,1
173,66.8,12,41,63,262,0
148.7,38.1,22.8,19.7,31,165,2
159.3,55.6,31.1,23,15,139,3
180,76,29,52,31,190,2
164,68.66,22.3,41.2,44,199,1
168.1,73.9,17.4,47.5,54,220,1
165.3,72.16,14.1,37.7,41,212,2
162.3,64.8,20.2,32.6,21,170,2
157.2,56,26.8,24.8,40,160,1
170,82.8,31.9,46.8,35,190,3
179.9,70.5,16.1,38,39,199,3
160.2,54.9,29.4,26.5,57,199,0
178.3,100.6,34.9,42.6,3,135,3
169.3,74.72,25.1,45.3,44,198,1
165.3,51.5,22.8,25.2,57,173,0
163.7,61.4,28.5,25.9,16,131,1
174.2,76.1,18.2,58.3,55,223,0
175.5,75.9,18,30.6,50,209,3
169.9,76.6,27.8,34.1,37,237,3
163.5,70.4,25.6,34.8,46,196,3
172.3,65.9,14.7,35.4,57,231,2
157.1,62.72,29.5,31.8,27,170,1
181.7,81,18.1,41.6,57,220,2
163.9,59.14,18.5,32.6,49,210,0
165.5,58,10.21084,29.1,54,181,0
168.7,59.48,20.9,32.3,27,151,2
153.5,58.16,38,23.1,11,98,3
172,66.3,11.7,41,60,271,0
173.6,69.1,17,47.3,37,222,1
172,75,38.2,31.9,21,202,3
170.9,72.5,29.2,30.3,42,211,3
156.1,51.9,23.6,17.4,12,123,2
173.4,63.9,15.5,34.9,48,227,3
173.8,67.7,17.1,43.5,45,217,1
157.4,54,28.6,28,35,175,1
167,58.4,17.5,43.4,35,222,2
165.1,63.2,19.9,21.1,18,161,3
170,69.4,19.9,39.7,48,219,1
171.9,67.3,19.9,36.7,50,229,2
168.4,71.9,19.1,53.6,42,232,1
175,75.3,20,46.2,54,223,1
175,63,15,38,38,195,2
155,57.14,36.5,23.4,13,122,2
173.7,66.4,19.9,49,56,210,2
177.8,74.1,8.4,54.2,57,277,1
186.1,91,22.1,45.3,37,258,3
161.8,63.5,30.3,25.6,45,175,1
158.6,45.8,24.2,20,29,158,1
175.9,70.9,16.3,43,53,251,2
158.9,52.1,26.7,23.1,37,173,1
161.1,73.52,39.3,27.7,30,178,3
170,74.8,26.9,34.9,29,161,1
165.6,76.1,26.4,36.5,39,214,3
177.7,70.7,22.2,45,55,230,0
163.9,50.9,28.3,29.5,47,192,1
183.5,84.2,24.9,35.9,31,226,3
173.5,73.6,23.5,42.9,45,198,1
166.7,65.7,30.3,32.9,21,155,3
158.2,55.9,24.9,31.3,41,163,0
170.7,71,19.8,38.1,58,203,1
156,66.7,36.7,21.1,3,105,3
173.7,75.1,18.3,39.9,44,213,2
156.4,48.3,16.3,32.4,68,190,1
158.4,54.7,25.8,21.3,36,184,1
164.3,66.82,15.8,43.3,41,178,0
174.3,67.46,16.1,44.6,57,239,0
173.8,63.04,19.3,43.5,31,202,2
161,52.8,19.4,29,27,201,1
167,52.1,27,21.1,39,140,3
176.7,86.9,27.3,42.5,49,203,3
169,55.7,19.4,23.5,42,183,0
157,51.1,21.5,23.4,32,166,1
174.7,77.6,14.9,43.9,65,218,1
155.6,52.7,24.2,23.1,23,125,0
187.3,109.3,39.3,36.2,1,211,3
180.3,76.2,16.2,44.2,45,214,1
163,63.8,34.6,17.2,0,110,3
166.1,61.9,19.3,34.2,43,161,0
170.2,62.5,21.9,32.8,32,182,1
163.8,75.1,32.9,35.2,27,173,3
174,73.3,22.9,43.4,32,211,0
163.7,58.2,25.6,26.8,42,158,0
166.4,67.2,26.8,24.4,32,162,3
171.8,83.1,25.9,45.5,38,193,0
172.5,70.7,18.7,42.3,56,221,1
187.9,114.8,24.5,49.5,41,182,3
173.6,69.2,9,50,51,245,0
176.7,87.9,26.5,39.3,55,185,3
169.5,75.2,24,49,58,230,0
172.6,65,12.6,42.9,55,214,1
178,74.66,19,43.1,37,198,2
154.5,55.9,37,17.2,25,150,3
168.2,77.8,29.4,40.4,24,209,3
181.7,91.76,11.7,60.1,58,245,0
159.3,68.9,39.1,24.5,30,168,1
179.6,75.9,18.7,47,39,243,2
154.5,47,27.2,24.7,18,123,1
165.2,49.4,17.2,33.4,31,169,2
168.6,68,17.6,44.3,41,178,0
171.4,69,12.7,47.2,55,242,2
168.9,58.4,26.7,26.4,31,174,1
166.3,73.6,24.2,39.4,36,183,2
167.8,68.8,14.8,52.2,60,230,0
162.7,74.1,33.7,41.2,33,168,1
161.4,53.52,23.5,32,52,182,0
147.8,46.5,30.7,18.7,24,68,2
166.2,66.6,16.1,46.6,62,219,1
173.1,77.5,22.8,55.3,53,226,0
160.6,48.8,20.2,33.3,40,203,1
175.6,93.38,25.4,63.6,51,215,1
164.6,64.5,21.9,37.6,33,204,2
169.3,75.6,23.1,50.3,40,227,1
175,74.1,15.6,41.7,55,230,0
153.5,59.7,40.2,19.6,7,139,3
157.5,57.4,31.4,26.3,41,191,1
172,71,18.1,48.3,52,203,0
175.1,81.22,21.7,45.5,44,185,1
166.7,55.4,22.7,30.3,32,163,0
168.9,72.28,21.6,38.5,36,182,0
155,59.4,34,22.6,21,128,2
168.4,63.38,19.4,44.2,51,227,0
169.6,67.3,21.6,35,32,183,2
180.6,80,25.2,35.6,49,221,2
166.5,63,13.5,36.7,50,246,1
173.3,76.1,21.4,43.4,48,220,2
169.9,73.8,23.1,45,23,162,2
178,76.6,16.7,49.5,36,170,1
162.1,51.7,23.5,27.9,40,166,1
182,78,9.8,42.8,52,221,0
171.6,78.3,18.9,47.1,67,181,0
146.5,41.4,26.1,17,12,131,1
164.3,52.2,25.4,24.1,40,171,0
170.4,77.5,19.1,50.7,50,209,1
181,83.18,16.4,50.3,22,220,3
177.7,74,14.1,56.4,57,222,0
167.8,65.1,12.3,39.3,62,224,0
169.5,72.1,21.3,45.4,37,142,0
175,81.9,21,45.3,32,197,2
170.7,68.1,8.3,34.4,64,249,2
164.4,56.8,24.6,31,43,181,1
169,68.1,14.2,39.7,49,279,1
180,88.8,20.3,46.8,54,230,2
161.4,57.5,36.5,25,30,122,2
179.6,82.88,16.1,51.1,51,232,1
182.5,85.8,20.6,53,57,252,1
160.8,58.2,23.5,35.4,35,188,1
181.7,82.5,15.9,54.2,56,244,0
166.9,70,23.7,39.1,47,186,0
155.7,48.5,25.4,20.3,10,77,3
169,61.3,24.4,32.6,49,183,0
181.4,90.3,16.1,49,38,213,1
176.3,70.1,15.4,57.5,49,225,0
161.3,51.2,24.2,27.1,35,221,0
181.8,80.9,31.1,33.5,41,245,3
161.8,43.9,24.2,23.6,33,166,1
170.4,61.1,21.9,29.3,33,166,2
168.5,65,18.7,39.4,50,258,1
165.7,64.8,27.3,25.1,24,159,3
162.6,54.9,26,24.2,36,192,0
176.9,76.92,19.7,41.7,49,240,2
163.9,60.1,31.1,27.8,30,173,1
162.6,52.9,18.1,24.3,28,103,3
161.5,53.9,18.3,42.1,34,181,1
174.3,80.1,16.1,49.5,61,245,2
182.2,78.1,10.7,52,67,303,2
176,71.6,16.1,44.1,42,212,0
166.7,62.9,15.4,35.7,48,225,0
171.8,63.9,13.4,43.1,55,222,1
166.2,75.6,14.8,47.3,49,246,0
165,53.1,16.7,30,53,181,0
159,54.3,31.4,24.5,43,185,1
154.6,63.9,38.7,26.3,15,138,3
180.8,90.6,10.2,61.6,51,246,3
172,76.4,25.9,40.5,31,193,3
168.2,69.1,23.9,38.3,33,206,2
156.9,54.2,24.9,27.1,41,178,1
152,49,35,21.6,10,129,2
171.7,65.98,15.2,37.3,46,228,2
174.6,92.2,20.9,49.5,59,245,2
172.6,67.4,16.1,36.1,53,221,1
172.3,80.4,25,41.2,43,226,1
160.8,69.36,22.6,31.7,25,168,3
160.8,53.5,22.1,25.9,30,164,1
173.8,79.1,19.2,54.3,54,230,2
170,74.4,19.4,46.3,37,224,2
173,70.9,19.5,47.9,44,162,1
173.7,63.5,11.7,35.3,60,213,1
149.8,64.6,43.6,16.9,2,83,3
165.7,46.3,27.1,24.4,33,172,3
176.4,72.8,13.4,45.9,61,235,0
168.4,54.3,26.1,26.9,40,167,0
171.2,60,15.3,42.9,49,188,1
164,60,32,32,41,207,0
168.3,68,23.2,36.1,23,174,2
162.1,71.7,27.8,36.2,37,200,1
162.1,66.8,16.8,28.5,34,174,2
154.5,57.1,34.3,19.8,38,175,3
157.8,57.9,30.7,28,47,203,0
174.1,64.1,13.7,41.5,58,251,0
157.6,57.6,34,24.4,13,82,2
163,67,21.1,34.6,53,193,2
170,85.3,22.8,43.6,45,211,2
155.6,58,33.5,20.6,3,135,3
161.3,61,35.6,26.3,20,122,3
175.8,93.3,33.5,42.6,38,215,3
176.3,86.2,27.5,51.8,37,205,3
160,51.8,8.6,39,36,195,0
179.6,80.9,28.6,41.3,40,187,3
182.3,86.9,16.6,33.4,59,243,1
174.6,71.4,14.6,46.5,51,233,0
178.7,70.1,17.4,45.2,32,188,3
176,82.9,22.3,53.8,50,238,0
155.7,53.4,33.1,19.1,43,175,1
172.4,67.3,14.2,53.4,58,245,0
158,93.1,47.3,35.8,17,145,3
164.4,56.2,21.5,28.9,29,169,1
171.2,76.8,24.7,35.1,30,168,3
176.1,83,17.35555,53.7,61,241,2
181.9,76.4,13.1,39.7,63,232,0
176,79,23.9,34,25,190,3
170,75.1,22.4,42.8,29,181,3
173.5,68.4,11.9,46,71,243,0
158.5,53.6,26.4,21.3,31,171,0
175,70.3,14.2,52.4,64,250,0
174.7,82.7,25.4,53.1,60,237,0
164,67,25.1,41.1,37,137,2
172.8,76,22.1,37.9,43,212,2
172.1,65.7,22.5,40.1,35,170,1
175.5,76.8,23,38.8,43,220,2
169.3,65.2,23.8,31.4,25,152,3
177.6,88.5,24.7,43.4,32,178,3
174.8,65,21.7,34.8,43,195,3
159.8,57.9,27.7,25.4,43,147,0
172.6,73,18.8,44.8,59,238,1
167.4,74.4,28.2,42.7,34,182,3
163.3,62.5,15,40.3,63,233,0
176.5,85.4,32,46.2,44,175,3
155,48,27,13.5,25,129,2
173,78,14.4,58.5,56,249,0
172.9,68,21.6,39.9,33,200,2
168.5,63.2,28.3,30,28,168,2
165.7,78.5,23.1,53.2,45,213,1
173.3,69.4,21.4,40.4,50,230,3
172,72.4,21.4,46.3,42,212,3
181.2,83.6,23.1,46.2,62,221,1
172.5,69.8,21.8,45.2,42,189,0
159.6,61.9,38.3,24,27,146,2
156.9,73.2,44.7,22.7,0,68,3
159.2,50.8,27.1,25.6,22,147,0
167,71.1,32.8,37.8,30,171,1
158,67.2,36.3,27.1,15,138,3
167.8,80,27.3,50.4,37,214,3
176.1,81.8,16.7,49.4,60,234,2
178,82.6,20.4,44.8,54,228,2
180.1,69.5,13,52.6,36,235,2
173.9,80.1,16.5,58.7,61,245,1
169.5,81.4,20.9,42.7,44,251,2
170.9,78.8,20.8,45.6,49,227,2
175,84.7,28,50.9,42,156,3
168.5,73.7,34.9,33.1,40,169,1
172.5,76.3,20.3,41.7,48,221,3
149.4,57,38,25.9,0,69,3
158.4,49.3,26,21.3,5,116,3
181.2,71.46,17.9,43.9,55,226,1
168.6,61.7,28.8,31.1,38,178,0
168.1,62.24,17.9,41.4,53,211,0
176.8,67.78,13.1,30.9,60,230,3
169.1,64.6,13.7,44.6,45,201,2
178,84.66,18.9,59.2,47,196,0
161.3,60.2,26.6,32.2,32,174,0
156.2,52.3,25.7,26.6,46,208,1
169.7,64.4,17.6,34.3,51,216,0
177.4,91.9,31.6,30,31,180,3
170.3,72.3,16.6,49.3,59,239,0
151.4,52.2,34.2,27.9,2,118,3
169.1,69,21.5,44.7,34,206,2
162.8,56.6,22,32.6,30,162,0
155.2,63.2,32.3,24.3,36,155,1
184.4,82.3,12.5,45.1,55,226,1
174.4,68,9.2,50.5,41,228,2
191.8,91,15.5,53.7,53,248,1
172.4,67.5,18.6,46.3,60,226,0
168.6,68.24,9.6,42.4,45,235,1
179.7,74.1,19.1,37.1,45,222,2
184.4,84.3,20.9,51.6,52,160,2
175.2,75.8,14,51.7,57,247,0
177,65.28,10.2,43.4,55,243,0
172.9,82.7,24.9,52.3,28,203,3
171.8,74.7,24.9,48.6,36,210,2
172.9,76.2,20.2,47.9,55,241,0
185.3,80.3,21.7,42.7,64,162,2
154.9,58.92,31.8,30.3,43,133,0
158.9,51.8,28.3,22.5,31,158,1
171.8,82,28,36.2,23,175,3
159.8,62.96,36.4,26.5,24,124,3
167.7,60.7,28.5,27.1,39,155,2
171.6,79.1,31.5,33.2,26,175,3
167,62.1,14,39.4,48,229,1
175.8,80,15.2,52.8,68,246,2
161.5,48.9,18.3,23,55,160,1
166.8,54.2,13.2,44.3,45,191,0
156.6,47.7,18.6,23.9,26,135,1
158.3,54.6,31.1,28.2,30,149,1
171.2,60.4,13.6,41.3,45,231,1
156.9,63.2,21.9,40,32,172,0
168.1,60.6,22.3,34.7,52,179,0
177.5,74.1,17.8,34.7,42,202,3
182.9,77.9,14.4,46.4,49,233,1
168,83.5,22.9,55.9,61,222,1
182.4,74.1,11.1,48.1,53,249,2
173.5,74.4,24.6,39.4,41,195,2
174.8,75.2,12.6,55,65,249,0
180.6,80.3,13.9,43,51,245,1
171.1,62.5,15.2,44.3,52,226,1
165.3,63.5,24.3,40.1,51,238,2
160.9,58.14,28.1,26.7,43,153,1
164,73.8,24.3,48.7,40,188,1
172,81.4,22.4,45.8,46,225,1
170.5,64.5,12.4,44.1,48,215,1
174,77,13.9,50,50,229,1
169.1,66.7,23.3,43,61,200,2
170.6,70.6,24.1,37.4,32,197,2
170.3,76.92,23,43.8,55,236,2
179.2,79.5,16.7,40.6,58,245,2
169,74.3,24.2,47.3,37,206,2
178.3,77.8,18.2,50.1,38,217,2
161.8,62.28,28.6,30,49,171,0
185.1,77.3,22.7,44.8,54,221,2
176.3,76.6,19.5,32.8,34,167,3
159.6,45.9,25.8,23.7,45,194,0
173.8,67.6,17.1,37.4,41,227,1
165.8,66,28,26.7,50,188,2
163.3,68.8,21,45.4,58,212,1
175.4,78.8,22.9,39.1,53,224,2
172.6,71.3,14.5,46.2,55,259,1
176.6,74.4,23.7,35.1,34,216,3
154.2,59.2,29.7,24.3,23,155,2
170.5,72.6,20.9,49.2,48,217,0
177.1,79.6,16.11972,52.9,61,212,3
172.6,70.2,17.1,43,48,211,2
170.7,64.9,22.7,40.7,51,218,1
162.5,72.7,27.8,41.9,31,169,0
174.1,69.1,8,45.8,67,231,0
170.2,77.1,19.6,43.9,45,188,2
172.8,65.7,20.4,35.1,20,194,3
167,69.7,29.4,45,36,205,3
176.2,73,25.2,40,36,208,3
158.9,51,23.5,24.2,21,130,0
179.9,77.7,15.2,55.6,60,208,1
174.8,78.7,23.6,43.6,32,183,1
170.5,78.2,20.4,30,10,180,3
155.9,56,35,28.5,20,133,2
178.2,80.3,16.4,53.5,59,236,0
171.6,76,13.2,50.2,47,211,1
164.9,52.7,17.9,34.2,30,178,2
172.3,71.6,19.6,37.9,47,203,1
165.6,68.9,11.9,52.2,61,243,0
159.7,59.4,18.9,42.1,50,228,0
160.3,62.9,26.4,26.9,21,123,2
174,70.5,18,39.9,42,246,2
175.1,75.08,19.2,55.5,47,220,1
166,63.32,23.8,34.1,33,162,1
174.3,72.1,14.1,46.5,57,237,1
156,51.1,28.4,20.7,23,0,2
161.1,49.96,23.5,21.5,37,161,1
173.6,74,11,49.1,67,213,0
171.9,60.9,16.7,33.6,28,190,1
171.4,64.8,16.6,35,52,222,0
177.8,82.3,19.5,42,49,225,1
169.6,73.7,26.6,31.8,21,169,3
165,71.7,29,41.2,34,178,1
181.6,93.5,25.7,51.3,48,216,3
185.9,69.5,11.9,38.8,54,208,1
181.1,60.9,10.8,38.5,38,228,2
178.2,69.9,22.4,41.8,48,203,2
161.8,57.3,27.4,25.7,31,160,0
173.5,68.4,18.7,36.4,40,178,0
165.9,85.3,26.3,44.9,30,180,3
155.2,46.4,22.3,24.8,42,192,0
168.8,66.4,25.5,38.7,22,174,2
176.9,77,21.3,59.4,48,240,1
178.2,73.6,15,46.6,34,241,3
169.1,55.4,20.5,35.3,52,187,1
160.7,55,31.4,23.6,24,141,2
155.8,65.06,36.7,26.5,23,151,3
158.5,48.8,22.5,29.1,36,169,0
166.3,66.4,27.8,35.8,47,190,0
168.9,70.4,26.3,38,29,176,2
150.6,51.4,38.2,22.4,25,108,0
170.4,64.8,20.9,51.1,55,205,0
154.5,49.5,22.2,23.4,40,166,1
172.5,68.2,13.5,39.5,45,250,0
161.8,53.6,27,19.4,11,167,3
168.7,67.3,38.3,24.4,3,135,3
167,80.4,28.5,34.1,25,178,3
176.2,71.1,25.3,41.8,61,207,2
161.5,50.1,15,26.9,45,170,0
167,66,37.3,29.2,20,148,2
164.8,56.7,32.7,22.2,10,118,3
170,73.6,23.9,36.5,57,217,2
163.2,61.7,14.4,44,34,204,1
168.6,78.3,29.3,50.9,27,161,1
160.4,53.5,8.3,28.3,22,161,2
175.6,75.12,23.3,37.4,40,189,1
174.1,65.6,14.1,45.1,59,226,0
170.5,54,21.2,25.5,52,186,0
161.5,53.5,23.6,24,33,150,0
173.5,75.3,17,46.2,54,238,0
175.3,81.2,35.8,35.7,8,158,3
165,63.7,31.4,20.8,30,120,1
180.7,81.1,20.7,50.5,40,199,2
179.1,70.9,20.4,37.3,45,191,2
155.5,53.3,26.8,18.4,24,147,0
185.6,79.4,15.6,50.5,44,229,0
174.5,93.8,32.9,35,42,194,3
173.7,80,22.6,39.1,35,176,3
154,54.5,31.6,16,13,120,3
178.5,82.3,17.3,46.2,58,253,1
172.2,62.6,13.8,41.6,43,213,2
155.8,62.54,40.2,21.7,22,155,1
163.2,57.8,33.8,24.3,25,127,2
179.9,83.4,17.5,42.1,60,233,3
177.2,75.12,21.7,47.7,60,227,0
175.1,68.4,17.5,52.1,49,250,1
173.8,68.5,17.2,53.3,35,211,2
160.8,57,30.9,24.2,12,134,3
166,60.3,32.2,16.8,29,144,3
161.3,59.7,27.1,39,42,151,3
159.5,54.68,32.3,26.4,0,127,3
175.6,72.6,22.2,41.3,48,229,1
169.7,62.6,12.1,39.3,36,210,1
179,82.2,19,48.6,57,250,1
170.7,64.5,16.7,42.5,50,182,0
164,59,6.7,35.7,62,244,1
174.3,75.9,20,47.2,47,261,1
167,69.1,19.4,41,36,220,2
174,92.7,34,40.6,39,200,3
161.2,52.1,25.1,27,24,145,0
166.7,52.84,15.2,30.7,48,186,0
164.6,62.9,12.8,45.6,75,230,0
171.3,65.86,8.3,38.4,46,205,0
170.9,64.2,21.7,31,56,186,3
182.3,81.4,19,49.6,33,197,2
178.2,83.1,19.2,45.4,40,178,2
168.3,64.5,15.6,46.8,47,226,0
168.6,64,19.2,40.4,37,209,0
174.5,92.2,34,42.3,32,157,3
163.7,51.4,21.5,22.6,41,158,3
173.3,83.8,30.2,42.2,34,178,3
170.7,61.5,12.4,36.9,38,215,2
171,64.9,16.5,38,39,197,1
175,59.7,15.2,36.8,47,214,1
159.4,66.6,19.9,33.9,52,208,2
163.1,54.5,25.1,25.4,46,173,1
162,51.6,23.6,24.9,28,151,0
178,83,23.2,48.5,49,260,2
167.2,60.6,22.3,44.9,41,193,1
168.7,66.5,18.4,39.6,51,228,3
182.3,81.3,20.7,45.7,46,218,2
181.9,96.9,20.4,56.1,30,204,3
175.4,89.3,31.3,34.9,31,158,3
171.3,69,18,31.5,44,259,3
170.6,68.3,18.7,43.4,47,206,1
169.7,66.6,16.3,47,48,223,1
154,52.6,34,27.5,4,114,3
175.1,76.2,25,38.7,37,226,3
159.8,43,19.6,16.1,32,170,2
175.1,72.7,20.1,46.2,37,230,3
167.7,77.7,29.8,40.3,32,207,3
162.8,70.7,33.3,31.8,23,106,3
178.3,72.4,17.5,43.1,40,249,1
166.3,52.1,24.8,26,43,170,0
165.4,53.1,18.4,25.6,47,186,1
167,57.4,18.8,35.7,20,160,3
166.3,68.1,33,25.9,40,190,1
169,72.7,19,47.3,49,233,0
168.6,65.6,18.9,47.1,60,202,1
155.9,48.7,23.7,24.9,43,149,0
171,72.4,21.6,38.8,50,182,2
168.7,62.32,15.8,37.5,61,228,1
181.2,70.1,23.8,41.7,40,220,3
169.4,83,28.7,51.1,45,201,3
173.1,60.4,12,29.3,62,239,2
177.9,62,16.4,33.4,62,196,0
163.7,61.6,31.8,29,40,161,1
158.3,56.2,35.3,23.1,8,150,3
148.2,54.7,37.7,22.7,0,134,3
177,82.6,20.6,47.7,33,189,1
166.5,62.4,16.4,60.1,52,219,1
181.4,69.6,17,44,56,206,2
165.6,48.6,25.8,20.6,28,140,2
179.6,80.9,18.2,49.9,63,229,2
169.8,77.9,30.7,32.6,12,166,3
166.1,65.6,22.2,42.3,60,222,0
167.6,74.3,31.6,20.7,15,155,3
171.1,78,25.1,37.7,53,214,1
167.2,76.3,29.7,37.2,26,165,3
161.1,70.9,34.5,31.7,31,164,3
164.1,66.5,20,37.5,45,202,2
166.3,71.6,23.2,41.9,48,197,1
166.1,71,24.2,43.4,26,177,2
168.5,87.1,29.4,53.2,40,176,3
174.2,73.3,23.3,39.3,52,191,0
170,76.5,32.6,31.2,20,171,3
183,72.9,16.3,48.9,42,212,3
164.9,77.5,30.4,52.4,30,195,3
160.7,64.8,27.2,30.6,52,163,0
156.1,62.62,36.7,30.2,19,150,0
176.5,77,15.9,40.1,47,213,1
170.2,62.5,14,42.6,59,238,0
166,67.3,18.9,34.5,60,223,2
168.9,57.68,29,22.7,40,171,0
160.7,57.1,25,30.9,46,195,0
158.1,55.52,29.1,25.2,42,162,1
158.2,64.4,38.8,25.1,5,132,3
174.2,70.1,14.6,49.4,63,259,1
166.8,58.4,20.7,33,30,181,2
165.2,52.1,14.3,32.6,33,196,0
162,54,32.3,23.7,52,182,0
178.8,83.6,27.1,50.3,23,193,3
179.3,82.3,22.1,48.5,53,257,1
170.9,65.4,18.4,32.3,44,226,3
168.5,49.44,15.9,25.2,47,182,0
169.5,83.7,42.9,21.6,43,166,3
172.1,63.8,11.2,38.3,60,225,1
